Date,Product,Category,Sales,Profit
2024-01-01,Product A,Category 1,150,30
2024-01-02,Product B,Category 1,200,50
2024-01-03,Product C,Category 2,250,70
2024-01-04,Product A,Category 1,300,90
2024-01-05,Product B,Category 1,350,110
2024-01-06,Product C,Category 2,400,130
2024-01-07,Product A,Category 1,450,150
2024-01-08,Product B,Category 1,500,170
2024-01-09,Product C,Category 2,550,190
2024-01-10,Product A,Category 1,600,210
2024-01-11,Product B,Category 1,650,230
2024-01-12,Product C,Category 2,700,250
2024-01-13,Product A,Category 1,750,270
2024-01-14,Product B,Category 1,800,290
2024-01-15,Product C,Category 2,850,310
2024-01-16,Product A,Category 1,900,330
2024-01-17,Product B,Category 1,950,350
2024-01-18,Product C,Category 2,1000,370
2024-01-19,Product A,Category 1,1050,390
2024-01-20,Product B,Category 1,1100,410
2024-01-21,Product C,Category 2,1150,430
2024-01-22,Product A,Category 1,1200,450
2024-01-23,Product B,Category 1,1250,470
2024-01-24,Product C,Category 2,1300,490
2024-01-25,Product A,Category 1,1350,510
2024-01-26,Product B,Category 1,1400,530
2024-01-27,Product C,Category 2,1450,550
2024-01-28,Product A,Category 1,1500,570
2024-01-29,Product B,Category 1,1550,590
2024-01-30,Product C,Category 2,1600,610
2024-01-31,Product A,Category 1,1650,630
